Title;Artist;Album;Year;Comment;Track;Genre
21 Things I Want in a Lover   ;Alanis Morissette             ;Under Rug Swept               ;2002;Fast                        ;1;12
Narcissus                     ;Alanis Morissette             ;Under Rug Swept               ;2002;Very Good                   ;2;12
Hands Clean (unplugged)       ;Alanis Morissette             ;Under Rug Swept               ;2002;Very Good                   ;3;12
Hands Clean                   ;Alanis Morissette             ;Under Rug Swept               ;2002;Slow                        ;3;12
04 - Flinch                   ;Alanis Morissette             ;Under Rug Swept               ;2002;Slow                        ;4;12
So Unsexy (acoustic)          ;Alanis Morissette             ;Under Rug Swept               ;2002;Tranquil                    ;5;12
So Unsexy                     ;Alanis Morissette             ;Under Rug Swept               ;2002;Slow                        ;5;12
Precious Illusions            ;Alanis Morissette             ;Under Rug Swept               ;2002;Slow                        ;6;12
That Particular TIme          ;Alanis Morissette             ;Under Rug Swept               ;2002;Slow                        ;7;12
A Man                         ;Alanis Morissette             ;Under Rug Swept               ;2002;Slow                        ;8;12
You Owe Me Nothing            ;Alanis Morissette             ;Under Rug Swept               ;2002;Tranquil                    ;9;12
Surrendering                  ;Alanis Morissette             ;Under Rug Swept               ;2002;Slow                        ;10;12
Utopia                        ;Alanis Morissette             ;Under Rug Swept               ;2002;Slow                        ;11;12
Amiga mia;Alejandro Sanz;Mtv Unplugged;;;15;12
Aprendiz;Alejandro Sanz;Mtv Unplugged;;;2;12
Corazon Partio;Alejandro Sanz;Mtv Unplugged;2001;www.elitemp3.ws;;13
Cuando nadie me ve;Alejandro Sanz;Unplugged;2002;                            ;1;12
Lo Que Fui Es Lo Que Soy      ;Alejandro Sanz                ;MTV Unplugged                 ;2001;                            ;12;12
Quisiera Ser;Alejandro Sanz;Mtv Unplugged;2001;www.elitemp3.ws;;13
Se le Apago la Luz            ;Alejandro Sanz                ;MTV Unplugged                 ;2001;                            ;4;12
Siempre Es De Noche;Alejandro Sanz;Mtv Unplugged;2001;www.elitemp3.ws;;13
Y Se Solo Se Me Ocurre Amarte;Alejandro Sanz;Mtv Unplugged;2001;www.elitemp3.ws;;13
Quiero Morir En Tu Veneno;Alejandro Sanz;Mtv Unplugged;2001;www.elitemp3.ws;;13
Toca Para Mi;Alejandro Sanz;Mtv Unplugged;2001;www.elitemp3.ws;;13
Todo Es De Color;Alejandro Sanz;Mtv Unplugged;2001;www.elitemp3.ws;;13
Como Te Hecho de Menos;Alejandro Sanz;Basico;1993;                            ;5;86
Atlantic City;Bruce Springsteen;Nebraska;1982;                            ;2;12
Where do the children play    ;Cat Stevens                   ;The Very Best Of Cat Stevens  ;2000;                              ;;17
Wild world                    ;Cat Stevens                   ;The Very Best Of Cat Stevens  ;2000;                            ;3;12
Tuesday's dead                ;Cat Stevens                   ;The Very Best Of Cat Stevens  ;2000;                              ;;12
Lady D'Arbanville             ;Cat Stevens                   ;The Very Best Of Cat Stevens  ;2000;                              ;;12
The first cut is the deepest  ;Cat Stevens                   ;The Very Best Of Cat Stevens  ;2000;                              ;;12
Oh very young                 ;Cat Stevens                   ;The Very Best Of Cat Stevens  ;2000;                              ;;12
Rubylove                      ;Cat Stevens                   ;The Very Best Of Cat Stevens  ;2000;                              ;;12
Morning has broken            ;Cat Stevens                   ;The Very Best Of Cat Stevens  ;2000;                              ;;12
Moonshadow                    ;Cat Stevens                   ;The Very Best Of Cat Stevens  ;2000;                              ;;12
Matthew and son               ;Cat Stevens                   ;The Very Best Of Cat Stevens  ;2000;                              ;;12
Father and son                ;Cat Stevens                   ;The Very Best Of Cat Stevens  ;2000;                              ;;12
Can't keep it in              ;Cat Stevens                   ;The Very Best Of Cat Stevens  ;2000;                              ;;12
Hard headed woman             ;Cat Stevens                   ;The Very Best Of Cat Stevens  ;2000;                              ;;12
(Remember the days of the) Old;Cat Stevens                   ;The Very Best Of Cat Stevens  ;2000;                              ;;12
I love my dog                 ;Cat Stevens                   ;The Very Best Of Cat Stevens  ;2000;                              ;;12
Another Saturday night        ;Cat Stevens                   ;The Very Best Of Cat Stevens  ;2000;                              ;;12
Sad Lisa                      ;Cat Stevens                   ;The Very Best Of Cat Stevens  ;2000;                              ;;12
Peace Train                   ;Cat Stevens                   ;The Very Best Of Cat Stevens  ;2000;                              ;;12
Walk of Life;Dire Straits;On the Night;1993;                            ;2;12
Heavy Fuel;Dire Straits;On the Night;1993;                            ;3;12
Romeo and Juliet;Dire Straits;On the Night;1993;                            ;4;12
Private Investigations;Dire Straits;On the Night;1993;                            ;5;12
Dire Straits On The Night - Yo;Dire Straits                  ;Sultans of Swing: The Very Bes;1998;                            ;15;12
On Every Street;Dire Straits;On the Night;1993;                            ;7;12
You and Your Friend;Dire Straits;On the Night;1993;                            ;8;12
Money for Nothing;Dire Straits;On the Night;1993;                            ;9;12
Brothers in Arms;Dire Straits;On the Night;1993;                            ;10;12
Sultans of Swing;Dire Straits;Sultans of Swing: The Very Bes;1998;                            ;1;12
Lady Writer;Dire Straits;Sultans of Swing: The Very Bes;1998;                            ;2;12
Romeo and Juliet              ;Dire Straits                  ;Sultans of Swing: The Very Bes;1998;                            ;3;12
Tunnel of Love;Dire Straits;Sultans of Swing: The Very Bes;1998;                            ;4;12
Private Investigations;Dire Straits;Sultans of Swing: The Very Bes;1998;                            ;5;12
Twisting by the Pool;Dire Straits;Sultans of Swing: The Very Bes;1998;                            ;6;12
Love Over Gold [Live];Dire Straits;Sultans of Swing: The Very Bes;1998;                            ;7;12
So Far Away;Dire Straits;Sultans of Swing: The Very Bes;1998;                            ;8;12
Money for Nothing;Dire Straits;Sultans of Swing: The Very Bes;1998;                            ;9;12
Brothers in Arms;Dire Straits;Sultans of Swing: The Very Bes;1998;                            ;10;12
Walk of Life;Dire Straits;Sultans of Swing: The Very Bes;1998;                            ;11;12
Calling Elvis;Dire Straits;Sultans of Swing: The Very Bes;1998;                            ;12;12
Heavy Fuel;Dire Straits;Sultans of Swing: The Very Bes;1998;                            ;13;12
On Every Street;Dire Straits;Sultans of Swing: The Very Bes;1998;                            ;14;12
Your Latest Trick [Live];Dire Straits;Sultans of Swing: The Very Bes;1998;                            ;15;12
Local Hero/Wild Theme [Live];Dire Straits;Sultans of Swing: The Very Bes;1998;                            ;16;12
01 Cinema Paradiso (Tema de Am;Dulce Pontes;Focus;2003;                            ;1;12
02 A Rose Among Thorns (The Mi;Dulce Pontes;Focus;2003;                            ;2;12
03 Renascer (Moses);Dulce Pontes;Focus;2003;                            ;3;12
04 No Ano Que Vem (Come Madale;Dulce Pontes;Focus;2003;                            ;4;12
05 Your Love (Once Upon A Time;Dulce Pontes;Focus;2003;                            ;5;12
06 Am�lia Por Amor;Dulce Pontes;Focus;2003;                            ;6;12
07 Nosso Mar (Metti una sera a;Dulce Pontes;Focus;2003;                            ;7;12
08 Antiga Palavra;Dulce Pontes;Focus;2003;                            ;8;12
09 Luz Prodigiosa (Luz Prodigi;Dulce Pontes;Focus;2003;                            ;9;12
10 The Ballad Of Sacco E Vanze;Dulce Pontes;Focus;2003;                            ;10;12
11 Someone You Once Knew (Per ;Dulce Pontes;Focus;2003;                            ;11;12
12 Voo;Dulce Pontes;Focus;2003;                            ;12;12
13 I Girasoli;Dulce Pontes;Focus;2003;                            ;13;12
14 House Of No Regrets (Chi Ma;Dulce Pontes;Focus;2003;                            ;14;12
15 Barco Abandonado (Per Le An;Dulce Pontes;Focus;2003;                            ;15;12
16 O Amor A Portugal (Cera Una;Dulce Pontes                  ;Focus                         ;    ;                            ;16;12
Orinoco Flow;Enya;Paint The Sky With Stars (The;1997;                            ;1;12
Caribbean Blue;Enya;Paint The Sky With Stars (The;1997;                            ;1;12
Book Of Days;Enya;Paint The Sky With Stars (The;1997;                            ;2;12
Anywhere Is;Enya;Paint The Sky With Stars (The;1997;                            ;3;12
Only If...;Enya;Paint The Sky With Stars (The;1997;                            ;4;12
The Celts;Enya;Paint The Sky With Stars (The;1997;                            ;5;12
China Roses;Enya;Paint The Sky With Stars (The;1997;                            ;6;12
Shepherd Moons;Enya;Paint The Sky With Stars (The;1997;                            ;7;12
Ebudae;Enya;Paint The Sky With Stars (The;1997;                            ;8;12
Storms In Africa;Enya;Paint The Sky With Stars (The;1997;                            ;9;12
Watermark;Enya;Paint The Sky With Stars (The;1997;                            ;10;12
Paint The Sky With Stars;Enya;Paint The Sky With Stars (The;1997;                            ;11;12
Marble Halls;Enya;Paint The Sky With Stars (The;1997;                            ;12;12
On My Way Home;Enya;Paint The Sky With Stars (The;1997;                            ;13;12
The Memory Of Trees;Enya;Paint The Sky With Stars (The;1997;                            ;14;12
Boadicea;Enya;Paint The Sky With Stars (The;1997;                            ;15;12
Anywhere Is;Enya;Paint the Sky with Stars: The ;1997;                            ;4;12
Athair Ar Nearmh;Enya;The Memory of Trees;1995;                            ;4;12
China Roses;Enya;Paint the Sky with Stars: The ;1997;                            ;7;12
From Where I Am [Instrumental];Enya;The Memory of Trees;1995;                            ;5;12
Hope Has a Place;Enya;The Memory of Trees;1995;                            ;7;12
Deireadh an Tuath;Enya;Box of Dreams Disc 3;1998;                            ;7;12
On My Way Home;Enya;Paint the Sky with Stars: The ;1997;                            ;14;12
Once You Had Gold;Enya;Themes from Calmi Cuori Appass;2001;                            ;8;12
Pax Deorum;Enya;The Memory of Trees;1995;                            ;3;12
Tea-House Moon [Instrumental];Enya;The Memory of Trees;1995;                            ;8;12
The Memory of Trees;Enya;Paint the Sky with Stars: The ;1997;                            ;15;12
;Keith Jarrett;The Koln Concert;;                            ;1;12
;Keith Jarrett;The Koln Concert;;                            ;2;12
;Keith Jarrett;The Koln Concert;;                            ;3;12
;Keith Jarrett;The Koln Concert;;                            ;4;12
A Cantiga Do Campo            ;Madredeus                     ;Lisboa                        ;    ;                              ;;255
A Cidade                      ;Madredeus                     ;Lisboa                        ;    ;                              ;;255
A Confissao                   ;Madredeus                     ;Lisboa                        ;    ;                              ;;255
A Estrada Do Monte            ;Madredeus                     ;Lisboa                        ;    ;                              ;;255
Amanha                        ;Madredeus                     ;Lisboa                        ;    ;                              ;;255
A Peninsula (Instrumental)    ;Madredeus                     ;Lisboa                        ;    ;                              ;;255
As Ilhas Dos Acores (Inst.)   ;Madredeus                     ;Lisboa                        ;    ;                              ;;255
As Montanhas (Instrumental)   ;Madredeus                     ;Lisboa                        ;    ;                              ;;255
A Sombra                      ;Madredeus                     ;Lisboa                        ;    ;                              ;;255
A Vaca De Fogo                ;Madredeus                     ;Lisboa                        ;    ;                              ;;255
A Vontade De Mudar            ;Madredeus                     ;Lisboa                        ;    ;                              ;;255
Canto De Embalar              ;Madredeus                     ;Lisboa                        ;    ;                              ;;255
Cuidado                       ;Madredeus                     ;Lisboa                        ;    ;                              ;;255
Fado Do Mindelo               ;Madredeus                     ;Lisboa                        ;    ;                              ;;255
Haja O Que Houver             ;Madredeus                     ;Lisboa                        ;    ;                              ;;255
Matinal (Vocal)               ;Madredeus                     ;Lisboa                        ;    ;                              ;;255
Mudar De Vida                 ;Madredeus                     ;Lisboa                        ;    ;                              ;;255
O Ladrao                      ;Madredeus                     ;Lisboa                        ;    ;                              ;;255
O Menino                      ;Madredeus                     ;Lisboa                        ;    ;                              ;;255
O Navio                       ;Madredeus                     ;Lisboa                        ;    ;                              ;;255
O Pastor                      ;Madredeus                     ;Lisboa                        ;    ;                              ;;255
O Pomar Das Laranjeiras       ;Madredeus                     ;Lisboa                        ;    ;                              ;;255
Solsticio (Instrumental)      ;Madredeus                     ;Lisboa                        ;    ;                              ;;255
Gente Perdida;Mafalda Veiga;Tatuagens;1999;                            ;1;17
Tatuagens (dueto com Jorge Pal;Mafalda Veiga;Tatuagens;1999;                            ;2;17
No Rasto do Sol;Mafalda Veiga;Tatuagens;1999;                            ;3;17
Cada Lugar Teu;Mafalda Veiga;Tatuagens;1999;                              ;;17
Uma Noite para Comemorar;Mafalda Veiga;Tatuagens;1999;                            ;5;17
Nalgum Lugar Perdido;Mafalda Veiga;Tatuagens;1999;                            ;6;17
Una Casa;Mafalda Veiga;Tatuagens;1999;                            ;7;17
Escuro e Luar;Mafalda Veiga;Tatuagens;1999;                            ;8;17
Lado (a lado);Mafalda Veiga;Tatuagens;1999;                            ;9;17
Um Pouco de C�u;Mafalda Veiga;Tatuagens;1999;                              ;;17
Vest�gios de ti;Mafalda Veiga;Tatuagens;1999;                              ;;17
Tatuagens;Mafalda Veiga;Tatuagens;1999;                              ;;17
The Rocks and the Water;Mark Knopfler;Local Hero;1990;, AG# 0B0EEE68              ;1;12
Wild Theme;Mark Knopfler;Local Hero;1990;, AG# 189229CB              ;2;12
Freeway Flyer;Mark Knopfler;Local Hero;1990;, AG# E0CB9982              ;3;12
Boomtown [Variation Louis' Fav;Mark Knopfler;Local Hero;1990;, AG# E41C4829              ;4;12
The Way It Always Starts;Mark Knopfler;Local Hero;1990;, AG# 15995622              ;5;12
The Rocks and the Thunder;Mark Knopfler;Local Hero;1990;, AG# FAF8DA11              ;6;12
The Ceilidh and the Northern L;Mark Knopfler;Local Hero;1990;, AG# 6A943971              ;7;12
The Mist Covered Mountains;Mark Knopfler;Local Hero;1990;, AG# 0B8C432E              ;8;12
The Ceilidh- Louis' Favourite;Mark Knopfler;Local Hero;1990;, AG# 23FFD263              ;9;12
Whistle Theme;Mark Knopfler;Local Hero;1990;, AG# 04ADD79E              ;10;12
Smooching;Mark Knopfler;Local Hero;1990;, AG# EEA69DAE              ;11;12
Stargazer;Mark Knopfler;Local Hero;1990;, AG# 036DF0FA              ;12;12
The Rocks and the Thunder;Mark Knopfler;Local Hero;1990;, AG# 02526B21              ;13;12
Going Home (Theme Of the Local;Mark Knopfler;Local Hero;1990;, AG# 362C3222              ;14;12
Acidity                       ;LordMing                      ;Micro muvee Music Vol. 1      ;2001;                            ;;34
Ambianica                     ;LordMing                      ;Micro muvee Music Vol.1       ;2001;                            ;;0
AmbientSpace                  ;LordMing                      ;Micro muvee Music Vol.1       ;2001;                            ;;26
Asian Dreamer                 ;Pinkspider                    ;Micro muvee Music Vol.1       ;1998;http://www.muvee.com          ;;98
Asian Dreamer Xtended Mix     ;Pinkspider                    ;muvee Records Vol.2           ;1998;http://www.muvee.com        ;;48
BennyJazzo                    ;LordMing                      ;Micro muvee Music Vol.1       ;2001;                            ;;74
Bubble Gum Love               ;LordMing                      ;Micro muvee Music Vol.1       ;2001;http://www.muvee.com          ;;76
BusySite                      ;LordMing                      ;Micro muvee Music Vol.1       ;2001;                            ;;52
Carthage                      ;LordMing                      ;Micro muvee Music Vol.1       ;2001;http://www.muvee.com        ;;48
Cell to Cell;Gecko;Micro muvee Music Vol.2;2001;http://www.muvee.com          ;;17
Cocktail                      ;LordMing                      ;Micro muvee Music Vol.1       ;2001;                            ;;98
DangerousPlace;Gecko;Micro muvee Music Vol.2;2001;http://www.muvee.com          ;;17
Dead Skin                     ;Gecko                         ;Micro muvee Music Vol.2       ;2001;http://www.muvee.com        ;;17
Dreaming Of You...            ;LordMing                      ;Micro muvee Music Vol.1       ;2001;http://www.muvee.com          ;;98
Forest of India;Gecko;Micro muvee Music Vol.2;2001;http://www.muvee.com          ;;10
FunkBassif                    ;Pinkspider                    ;Micro muvee Music Vol.1       ;2001;http://www.muvee.com          ;;5
FunkyDiva                     ;Pinkspider                    ;Micro muvee Music Vol.1       ;2000;http://www.muvee.com          ;;5
FusionHop                     ;LordMing                      ;muvee Records Vol.1           ;2001;http://www.muvee.com          ;;30
FusionHopRemix                ;LordMing                      ;Micro muvee Music Vol.1       ;2001;http://www.muvee.com        ;;30
In No Mood                    ;LordMing                      ;Micro muvee Music Vol.1       ;2001;                            ;;98
LaidBack                      ;LordMing                      ;Micro muvee Music Vol.1       ;2001;http://www.muvee.com        ;;98
New Age Techno                ;LordMing                      ;Micro muvee Music Vol.1       ;2001;http://www.muvee.com        ;;18
Off Tangent;Gecko;Micro muvee Music Vol.2;2001;http://www.muvee.com          ;;52
Quickie Jz                    ;Pinkspider                    ;Micro muvee Music Vol.1       ;2000;http://www.muvee.com          ;;34
Saxy Groovy                   ;Pinkspider                    ;Micro muvee Music Vol.1       ;2000;http://www.muvee.com          ;;14
SFunkae                       ;LordMing                      ;Micro muvee Music Vol.1       ;2001;http://www.muvee.com        ;;5
Shake It Out! (remix)         ;LordMing                      ;Micro muvee Music Vol.1       ;2001;http://www.muvee.com          ;;118
TechJam                       ;LordMing                      ;Micro muvee Music Vol.1       ;2001;http://www.muvee.com        ;;19
Tech Pursuit;Gecko;Micro muvee Music Vol.2;2001;http://www.muvee.com          ;;52
That Ain't Right!             ;LordMing featuring TS on keys ;Micro muvee Music Vol.1       ;2001;http://www.muvee.com          ;;8
The Unknown                   ;LordMing                      ;Micro muvee Music Vol.1       ;2001;http://www.muvee.com          ;;10
The Unknown Xtended Mix       ;LordMing                      ;muvee Records Vol.1           ;2001;http://www.muvee.com          ;;10
Xperimental Noise             ;LordMing                      ;Micro muvee Music Vol.1       ;2001;http://www.muvee.com        ;;19
Another Brick in the Wall (Par;Pink Floyd;Echoes- The Best of Pink Floyd;2001;                            ;4;93
Astronomy Domine;Pink Floyd;Echoes- The Best of Pink Floyd;2001;                            ;1;93
Echoes;Pink Floyd;Echoes- The Best of Pink Floyd;2001;                            ;5;93
Hey You;Pink Floyd;Echoes- The Best of Pink Floyd;2001;                            ;6;93
Keep Talking;Pink Floyd;Echoes- The Best of Pink Floyd;2001;                            ;11;93
Marooned;Pink Floyd;Echoes- The Best of Pink Floyd;2001;                            ;7;93
Money;Pink Floyd;Echoes- The Best of Pink Floyd;2001;                            ;10;93
See Emily Play;Pink Floyd;Echoes- The Best of Pink Floyd;2001;                            ;2;93
Set the Controls for the Heart;Pink Floyd;Echoes- The Best of Pink Floyd;2001;                            ;9;93
Sheep;Pink Floyd;Echoes- The Best of Pink Floyd;2001;                            ;12;93
Sorrow;Pink Floyd;Echoes- The Best of Pink Floyd;2001;                            ;13;93
The Great Gig in the Sky;Pink Floyd;Echoes- The Best of Pink Floyd;2001;                            ;8;93
The Happiest Days of Our Lives;Pink Floyd;Echoes- The Best of Pink Floyd;2001;                            ;3;93
Arnold Layne;Pink Floyd;Echoes- The Best Of Pink Floyd;2001;                            ;9;93
Bike;Pink Floyd;Echoes- The Best Of Pink Floyd;2001;                            ;13;93
Comfortably Numb;Pink Floyd;Echoes- The Best Of Pink Floyd;2001;                            ;4;93
High Hopes;Pink Floyd;Echoes- The Best Of Pink Floyd;2001;                            ;12;93
Jugband Blues;Pink Floyd;Echoes- The Best Of Pink Floyd;2001;                            ;11;93
Learning To Fly;Pink Floyd;Echoes- The Best Of Pink Floyd;2001;                            ;8;93
One Of These Days;Pink Floyd;Echoes- The Best Of Pink Floyd;2001;                            ;6;93
Shine On You Crazy Diamond (Pa;Pink Floyd;Echoes- The Best Of Pink Floyd;2001;                            ;1;93
The Fletcher Memorial Home;Pink Floyd;Echoes- The Best Of Pink Floyd;2001;                            ;3;93
Time;Pink Floyd;Echoes- The Best Of Pink Floyd;2001;                            ;2;93
Us And Them;Pink Floyd;Echoes- The Best Of Pink Floyd;2001;                            ;7;93
When The Tigers Broke Free;Pink Floyd;Echoes- The Best Of Pink Floyd;2001;                            ;5;93
Wish You Were Here;Pink Floyd;Echoes- The Best Of Pink Floyd;2001;                            ;10;93
Bohemian Rhapsody;Queen;Greatest Hits I;1981;, AG# 5D577DE5              ;1;13
Another One Bites The Dust;Queen;Greatest Hits I;1981;, AG# ADC77A08              ;2;13
Killer Queen;Queen;Greatest Hits I;1981;, AG# 8F37BB96              ;3;13
Fat Bottomed Girls;Queen;Greatest Hits I;1981;, AG# D1C09E5D              ;4;13
Bicycle Race;Queen;Greatest Hits I;1981;, AG# 12B62389              ;5;13
You're My Best Friend;Queen;Greatest Hits I;1981;, AG# F0066BB4              ;6;13
Don't Stop Me Now;Queen;Greatest Hits I;1981;, AG# 27952A5F              ;7;13
Save Me;Queen;Greatest Hits I;1981;, AG# D227F792              ;8;13
Crazy Little Thing Called Love;Queen;Greatest Hits I;1981;, AG# 3E5800EA              ;9;13
Somebody To Love;Queen;Greatest Hits I;1981;, AG# 85B293A3              ;10;13
Now I'm Here;Queen;Greatest Hits I;1981;, AG# B2C03F7D              ;11;13
Good Old-fashioned Lover Boy;Queen;Greatest Hits I;1981;, AG# 5D428143              ;12;13
Play The Game;Queen;Greatest Hits I;1981;, AG# 0711D5FF              ;13;13
Flash;Queen;Greatest Hits I;1981;, AG# 4826FC48              ;14;13
Seven Seas Of Rhye;Queen;Greatest Hits I;1981;, AG# 0465001B              ;15;13
We Will Rock You;Queen;Greatest Hits I;1981;, AG# A2BA025C              ;16;13
We Are The Champions;Queen;Greatest Hits I;1981;, AG# 05502E99              ;17;13
A kind of magic;Queen;Greatest Hits II;1991;, AG# CFFA7EB1              ;1;13
Under pressure;Queen;Greatest Hits II;1991;, AG# C98EC78F              ;2;13
Radio ga ga;Queen;Greatest Hits II;1991;, AG# 7A5A3F2C              ;3;13
I want it all;Queen;Greatest Hits II;1991;, AG# 50A8CD2B              ;4;13
I want to break free;Queen;Greatest Hits II;1991;, AG# 290AA5E1              ;5;13
Innuendo;Queen;Greatest Hits II;1991;, AG# 0CDEE893              ;6;13
It's a hard life;Queen;Greatest Hits II;1991;, AG# F22859D8              ;7;13
Breakthru;Queen;Greatest Hits II;1991;, AG# C4ADF305              ;8;13
Who wants to live forever;Queen;Greatest Hits II;1991;, AG# D88ED696              ;9;13
Headlong;Queen;Greatest Hits II;1991;, AG# FFC76E2E              ;10;13
The miracle;Queen;Greatest Hits II;1991;, AG# 462315FA              ;11;13
I'm going slightly mad;Queen;Greatest Hits II;1991;, AG# 4D9650C0              ;12;13
The invisible man;Queen;Greatest Hits II;1991;, AG# 1AF00452              ;13;13
Hammer to fall;Queen;Greatest Hits II;1991;, AG# 38C8036A              ;14;13
Friends will be friends;Queen;Greatest Hits II;1991;, AG# 174F0EA3              ;15;13
The show must go on;Queen;Greatest Hits II;1991;, AG# 1AB23D80              ;16;13
One vision;Queen;Greatest Hits II;1991;, AG# C411BA32              ;17;13
A Winter's Tale;Queen;Made in Heaven;1995;;10;13
Heaven For Everyone (Album Ver;Queen;Made in Heaven;1995;;7;13
It's A Beautiful Day (Album Ve;Queen;Made in Heaven;1995;;1;13
It's A Beautiful Day (reprise);Queen;Made in Heaven;1995;;11;13
I Was Born To Love You;Queen;Made in Heaven;1995;;6;13
Let Me Live;Queen;Made in Heaven;1995;;3;13
Made In Heaven;Queen;Made in Heaven;1995;;2;13
Mother Love;Queen;Made in Heaven;1995;;4;13
My Life Has Been Saved;Queen;Made in Heaven;1995;;5;13
Yeh;Queen;Made in Heaven;1995;;12;13
Track13;Queen;Made in Heaven;1995;;13;13
Too Much Love Will Kill You;Queen;Made in Heaven;1995;;8;13
You Don't Fool Me;Queen;Made in Heaven;1995;;9;13
Imitation Of Life;R.E.M.;20 Years Of R.E.M.;2001;Team RNS                    ;1;17
The Great Beyond;R.E.M.;20 Years Of R.E.M.;2001;Team RNS                    ;2;17
At My Most Beautiful;R.E.M.;20 Years Of R.E.M.;2001;Team RNS                    ;3;17
Electrolite;R.E.M.;20 Years Of R.E.M.;2001;Team RNS                    ;4;17
What's The Frequency, Kenneth?;R.E.M.;20 Years Of R.E.M.;2001;Team RNS                    ;5;17
Man On The Moon;R.E.M.;20 Years Of R.E.M.;2001;Team RNS                    ;6;17
Everybody Hurts;R.E.M.;20 Years Of R.E.M.;2001;Team RNS                    ;7;17
Drive;R.E.M.;20 Years Of R.E.M.;2001;Team RNS                    ;8;17
Losing My Religion;R.E.M.;20 Years Of R.E.M.;2001;Team RNS                    ;9;17
Pop Song 89;R.E.M.;20 Years Of R.E.M.;2001;Team RNS                    ;10;17
Orange Crush;R.E.M.;20 Years Of R.E.M.;2001;Team RNS                    ;11;17
It's The End Of The World As W;R.E.M.;20 Years Of R.E.M.;2001;Team RNS                    ;12;17
The One I Love;R.E.M.;20 Years Of R.E.M.;2001;Team RNS                    ;13;17
Finest Worksong;R.E.M.;20 Years Of R.E.M.;2001;Team RNS                    ;14;17
Fall On Me;R.E.M.;20 Years Of R.E.M.;2001;Team RNS                    ;15;17
Driver 8;R.E.M.;20 Years Of R.E.M.;2001;Team RNS                    ;16;17
So. Central Rain;R.E.M.;20 Years Of R.E.M.;2001;Team RNS                    ;17;17
Talk About Passion;R.E.M.;20 Years Of R.E.M.;2001;Team RNS                    ;18;17
Gardening At Night;R.E.M.;20 Years Of R.E.M.;2001;Team RNS                    ;19;17
Radio Free Europe;R.E.M.;20 Years Of R.E.M.;2001;Team RNS                    ;20;17
Airportman;R.E.M;UP;1998;, AG# D954383F              ;1;13
Lotus;R.E.M;UP;1998;, AG# 056419F3              ;2;13
Suspicion;R.E.M;UP;1998;, AG# 719BEBFC              ;3;13
Hope;R.E.M;UP;1998;, AG# CC4D6451              ;4;13
At My Most Meautiful;R.E.M;UP;1998;, AG# 32569F25              ;5;13
The Apologist;R.E.M;UP;1998;, AG# 810FE5B7              ;6;13
Sad Proffesor;R.E.M;UP;1998;, AG# 4B96864F              ;7;13
You're In The Air;R.E.M;UP;1998;, AG# 23FF354F              ;8;13
Walk Unafraid;R.E.M;UP;1998;, AG# 1FEC44D1              ;9;13
Why Not Smile;R.E.M;UP;1998;, AG# CA7E3E64              ;10;13
Daysleeper;R.E.M;UP;1998;, AG# 7B7F686A              ;11;13
Diminished;R.E.M;UP;1998;, AG# 97B872F8              ;12;13
Parakeet;R.E.M;UP;1998;, AG# 1C19C568              ;13;13
Falls To Climb;R.E.M;UP;1998;, AG# DDA8E5AA              ;14;13
De Le Yaleo;Santana;Supernatural;1999;http://mp3boy.yeah.net      ;1;17
Love Of My Life;Santana;Supernatural;1999;http://mp3boy.yeah.net      ;2;17
Put Your Lights;Santana;Supernatural;1999;http://mp3boy.yeah.net      ;3;17
Africa Bamba;Santana;Supernatural;1999;http://mp3boy.yeah.net      ;4;17
Smooth;Santana f Rob Thomas;Totally Hits;1999;http://mp3boy.yeah.net      ;4;13
Do You Like The Way;Santana;Supernatural;1999;http://mp3boy.yeah.net      ;6;17
Maria Maria;Santana;Supernatural;1999;http://mp3boy.yeah.net      ;7;17
Migra;Santana;Supernatural;1999;http://mp3boy.yeah.net      ;8;17
Wishing It Was.m;Santana;Supernatural;1999;http://mp3boy.yeah.net      ;10;17
El Farol;Santana;Supernatural;1999;http://mp3boy.yeah.net      ;11;17
Primavera;Santana;Supernatural;1999;http://mp3boy.yeah.net      ;12;17
1999 Supernatural;Santana;Supernatural;1999;http://mp3boy.yeah.net      ;13;17
Samba Pa Ti                   ;Santana                       ;The Best Ballads Of Santana   ;1999;, AG# 3E7D8D56                ;;13
Europa                        ;Santana                       ;The Best Ballads Of Santana   ;1999;, AG# 01A4BA9A                ;;13
I Love You Much To Much       ;Santana                       ;The Best Ballads Of Santana   ;1999;, AG# 6C8FD55D                ;;13
Balck Magic Woman             ;Santana                       ;The Best Ballads Of Santana   ;1999;, AG# D2A4EC09                ;;13
Love Is You                   ;Santana                       ;The Best Ballads Of Santana   ;1999;, AG# 96ED036E                ;;13
Full Moon                     ;Santana                       ;The Best Ballads Of Santana   ;1999;, AG# DACCF7C7                ;;13
Gypsy Woman                   ;Santana                       ;The Best Ballads Of Santana   ;1999;, AG# B9E6ED10                ;;13
Flor D'Luna                   ;Santana                       ;The Best Ballads Of Santana   ;1999;, AG# D6C1561B                ;;13
Life Is A Lady                ;Santana                       ;The Best Ballads Of Santana   ;1999;, AG# 26B413EC                ;;13
She Can't Let Go              ;Santana                       ;The Best Ballads Of Santana   ;1999;, AG# B2D840B4                ;;13
The River                     ;Santana                       ;The Best Ballads Of Santana   ;1999;, AG# A491CB94                ;;13
Bella                         ;Santana                       ;The Best Ballads Of Santana   ;1999;, AG# D930515F                ;;13
Give Me Love                  ;Santana                       ;The Best Ballads Of Santana   ;1999;, AG# A2460608                ;;13
Aqua Marine                   ;Santana                       ;The Best Ballads Of Santana   ;1999;, AG# BC150274                ;;13
Meditation                    ;Santana                       ;The Best Ballads Of Santana   ;1999;, AG# 7F3B8C9B                ;;13
One With You                  ;Santana                       ;The Best Ballads Of Santana   ;1999;, AG# 2EBEA177                ;;13
Chill Out                     ;Santana                       ;The Best Ballads Of Santana   ;1999;, AG# B47FEBF3                ;;13
The Zoo;Scorpions;Acoustica;2001;                            ;1;12
Always Somewhere;Scorpions;Acoustica;2001;                            ;2;12
Life Is Too Short;Scorpions;Acoustica;2001;                            ;3;12
Holiday;Scorpions;Acoustica;2001;                            ;4;12
You And I;Scorpions;Acoustica;2001;                            ;5;12
When Love Kills Love;Scorpions;Acoustica;2001;                            ;6;12
Dust In The Wind;Scorpions;Acoustica;2001;                            ;7;12
Send Me An Angel;Scorpions;Acoustica;2001;                            ;8;12
Catch Your Train;Scorpions;Acoustica;2001;                            ;9;12
I Wanted To Cry (But The Tears;Scorpions;Acoustica;2001;                            ;10;12
Wind of Change;Scorpions;Acoustica;2001;                            ;11;12
Love Of My Life;Scorpions;Acoustica;2001;                            ;12;12
Drive;Scorpions;Acoustica;2001;                            ;13;12
Still Loving You;Scorpions;Acoustica;2001;                            ;14;12
Hurricane 2001;Scorpions;Acoustica;2001;                            ;15;12
Track 01;Sergio Godinho;Biografias do amor;2001;                            ;1;12
Track 02;Sergio Godinho;Biografias do amor;2001;                            ;2;12
Track 03;Sergio Godinho;Biografias do amor;2001;                            ;3;12
Track 04;Sergio Godinho;Biografias do amor;2001;                            ;4;12
Track 05;Sergio Godinho;Biografias do amor;2001;                            ;5;12
Track 06;Sergio Godinho;Biografias do amor;2001;                            ;6;12
Track 07;Sergio Godinho;Biografias do amor;2001;                            ;7;12
Track 08;Sergio Godinho;Biografias do amor;2001;                            ;8;12
Track 09;Sergio Godinho;Biografias do amor;2001;                            ;9;12
Track 10;Sergio Godinho;Biografias do amor;2001;                            ;10;12
Track 11;Sergio Godinho;Biografias do amor;2001;                            ;11;12
Track 12;Sergio Godinho;Biografias do amor;2001;                            ;12;12
Track 13;Sergio Godinho;Biografias do amor;2001;                            ;13;12
Track 14;Sergio Godinho;Biografias do amor;2001;                            ;14;12
Track 15;Sergio Godinho;Biografias do amor;2001;                            ;15;12
Track 16;Sergio Godinho;Biografias do amor;2001;                            ;16;12
Track 17;Sergio Godinho;Biografias do amor;2001;                            ;17;12
Track 18;Sergio Godinho;Biografias do amor;2001;                            ;18;12
Track 19;Sergio Godinho;Biografias do amor;2001;                            ;19;12
Track 20;Sergio Godinho;Biografias do amor;2001;                            ;20;12
The Beginning;Wojciech Kilar;Bram Stoker's Dracula;1992;;1;24
Vampire Hunters;Wojciech Kilar;Bram Stoker's Dracula;;;2;24
Mina's Photo;Wojciech Kilar;Bram Stoker's Dracula;;;3;24
Lucy's Party;Wojciech Kilar;Bram Stoker's Dracula;;;4;24
The Brides;Wojciech Kilar;Bram Stoker's Dracula;;;5;24
The Storm;Wojciech Kilar;Bram Stoker's Dracula;2000;Made with RealJukebox (tm);6;24
Love Remembered;Wojciech Kilar;Bram Stoker's Dracula;;;7;24
The Hunt Builds;Wojciech Kilar;Bram Stoker's Dracula;;;8;24
The Hunters Prelude;Wojciech Kilar;Bram Stoker's Dracula;;;9;24
The Green Mist;Wojciech Kilar;Bram Stoker's Dracula;;;10;24
11 Mina & Dracula;Wojciech Kilar;Bram Stoker's Dracula;1992;;11;24
The Ring Of Fire;Wojciech Kilar;Bram Stoker's Dracula;;;12;24
Love Eternal;Wojciech Kilar;Bram Stoker's Dracula;;;13;24
Ascension;Wojciech Kilar;Bram Stoker's Dracula;;;14;24
End Credits;Wojciech Kilar;Bram Stoker's Dracula;;;15;24
Love Song For A Vampire;Annie Lennox;Bram Stoker's Dracula;;;16;24
Progeny;Hans Zimmer and Lisa Gerrard;Gladiator Soundtrack;2000;, AG# D4AAF061;1;24
The Wheat;Hans Zimmer and Lisa Gerrard;Gladiator Soundtrack;2000;, AG# DE8507E0;2;24
The Battle;Hans Zimmer and Lisa Gerrard;Gladiator Soundtrack;2000;Hans Zimmer and Lisa Gerrard;3;24
Earth                         ;Hans Zimmer and Lisa Gerrard;Gladiator Soundtrack;2000;http://www.teamgay.com      ;4;24
Sorrow;Hans Zimmer and Lisa Gerrard;Gladiator Soundtrack;;;5;24
To Zucchabar;Hans Zimmer and Lisa Gerrard;Gladiator Soundtrack;;;6;24
Patricide;Hans Zimmer and Lisa Gerrard;Gladiator Soundtrack;;;7;24
The Emperor Is Dead;Hans Zimmer and Lisa Gerrard;Gladiator Soundtrack;2000;, AG# E7102694;8;24
The Might Of Rome;Hans Zimmer and Lisa Gerrard;Gladiator Soundtrack;;;9;24
Strength And Honor;Hans Zimmer and Lisa Gerrard;Gladiator Soundtrack;;;10;24
Reunion;Hans Zimmer and Lisa Gerrard;Gladiator Soundtrack;2000;, AG# 4292A369;11;24
Slaves To Rome;Hans Zimmer and Lisa Gerrard;Gladiator Soundtrack;;;12;24
Barbarian Horde;Hans Zimmer and Lisa Gerrard;Gladiator Soundtrack;;;13;24
Am I Not Merciful;Hans Zimmer and Lisa Gerrard;Gladiator Soundtrack;;;14;24
Elysium;Hans Zimmer and Lisa Gerrard;Gladiator Soundtrack;2000;#cMp3  irc.dal.net;15;24
Honor Him;Hans Zimmer and Lisa Gerrard;Gladiator Soundtrack;2000;Made with RealJukebox (tm);16;24
Now We Are Free;Hans Zimmer and Lisa Gerrard;Gladiator Soundtrack;;;17;24
Movie Theme;Hans Zimmer and Lisa Gerrard;Gladiator Soundtrack;;;;24
The Ground Beneath Her Feet   ;U2 With Special Guest Daniel L;Million Dollar Hotel (Soundtra;2000;http://mp3boy.yeah.net        ;;24
Never Let Me Go               ;Bono And The MDH Band         ;Million Dollar Hotel (Soundtra;2000;http://mp3boy.yeah.net        ;;24
Stateless                     ;U2                            ;Million Dollar Hotel (Soundtra;2000;http://mp3boy.yeah.net        ;;24
Satellite OF Love             ;Milla Jovovich With The MDH Ba;Million Dollar Hotel (Soundtra;2000;http://mp3boy.yeah.net        ;;24
Falling At Your Feet          ;Bono And Daniel Lanois        ;Million Dollar Hotel (Soundtra;2000;http://mp3boy.yeah.net        ;;24
Tom Tom's Dream               ;The MDH Band                  ;Million Dollar Hotel (Soundtra;2000;http://mp3boy.yeah.net        ;;24
The First Time                ;U2                            ;Million Dollar Hotel (Soundtra;2000;http://mp3boy.yeah.net        ;;24
Bathtub                       ;The MDH Band                  ;Million Dollar Hotel (Soundtra;2000;http://mp3boy.yeah.net        ;;24
The First Time (Reprise)      ;Daniel Lanois And The MDH Band;Million Dollar Hotel (Soundtra;2000;http://mp3boy.yeah.net        ;;24
Tom Tom's Room                ;Brad Mehldau With Bill Frisell;Million Dollar Hotel (Soundtra;2000;http://mp3boy.yeah.net        ;;24
 Funny Face                   ;The MDH Band                  ;Million Dollar Hotel (Soundtra;2000;http://mp3boy.yeah.net        ;;24
Dancin' Shoes                 ;Bono And The MDH Band         ;Million Dollar Hotel (Soundtra;2000;http://mp3boy.yeah.net        ;;24
Amsterdam Blue (Cortege)      ;Jon Hassell, Gregg Arreguin, J;Million Dollar Hotel (Soundtra;2000;http://mp3boy.yeah.net        ;;24
Satellite OF Love (Reprise)   ;The MDH Band Featuring Daniel ;Million Dollar Hotel (Soundtra;2000;http://mp3boy.yeah.net        ;;24
Satellite Of Love (Danny Saber;Milla Jovovich                ;Million Dollar Hotel (Soundtra;2000;http://mp3boy.yeah.net        ;;24
Anarchy In The USA            ;Tito Larriva The MDH Band     ;Million Dollar Hotel (Soundtra;2000;http://mp3boy.yeah.net        ;;24
Nature Boy                    ;David Bowie                   ;Moulin Rouge-OST              ;2001;ripped by Team RNS          ;1;24
Lady Marmalade                ;Christina Aquilera Lil Kim Mya;Moulin Rouge-OST              ;2001;ripped by Team RNS          ;2;24
Because We Can                ;Fatboy Slim                   ;Moulin Rouge-OST              ;2001;ripped by Team RNS          ;3;24
Sparkling Diamonds            ;Nicole Kidman and Others      ;Moulin Rouge-OST              ;2001;ripped by Team RNS          ;4;24
Rhythm of The Night           ;Valeria                       ;Moulin Rouge-OST              ;2001;ripped by Team RNS          ;5;24
Your Song                     ;Ewan McGregor and Alessandro S;Moulin Rouge-OST              ;2001;ripped by Team RNS          ;6;24
Children Of The Revolution    ;Bono Gavin Friday And Maurice ;Moulin Rouge-OST              ;2001;ripped by Team RNS          ;7;24
One Day I'll Fly Away         ;Nicole Kidman                 ;Moulin Rouge-OST              ;2001;ripped by Team RNS          ;8;24
Diamond Dogs                  ;Beck                          ;Moulin Rouge-OST              ;2001;ripped by Team RNS          ;9;24
Elephant Love Song Medley     ;Nicole Kidman Ewan Mcgregor Ja;Moulin Rouge-OST              ;2001;ripped by Team RNS          ;10;24
Come What May                 ;Nicole Kidman Ewan Mcgregor   ;Moulin Rouge-OST              ;2001;ripped by Team RNS          ;11;24
El Tango De Roxanne           ;Ewan Mcgregor Jose Feliciano J;Moulin Rouge-OST              ;2001;ripped by Team RNS          ;12;24
Complainte De La Butte        ;Rufus Wainwright              ;Moulin Rouge-OST              ;2001;ripped by Team RNS          ;13;24
Hindi Sad Diamonds;Joe Leguabe;Moulin Rouge [Original Soundtr;2001;                            ;14;24
Nature Boy                    ;David Bowie And Massive Attack;Moulin Rouge-OST              ;2001;ripped by Team RNS          ;15;24
Duduk of the North;Hans Zimmer;The Gladiator, More Music - So;2000;;1;24
Now We Are Free (Jubas Mix);Hans Zimmer;The Gladiator, More Music - So;2001;;2;24
The Protector Of Rome;Hans Zimmer;The Gladiator, More Music - So;;;3;24
Homecoming;Hans Zimmer;The Gladiator, More Music - So;;;4;24
The General Who Became A Slave;Hans Zimmer;The Gladiator, More Music - So;    ;;5;24
The Slave Who Became A Gladiat;Hans Zimmer;The Gladiator, More Music - So;;;6;24
Secrets;Hans Zimmer;The Gladiator, More Music - So;2001;;7;24
Rome is the Light;Hans Zimmer;The Gladiator, More Music - So;2001;;8;24
All that Remains;Hans Zimmer;The Gladiator, More Music - So;    ;;9;24
Maximus;Hans Zimmer;The Gladiator, More Music - So;2001;;10;24
Marrakesh Marketplace;Hans Zimmer;The Gladiator, More Music - So;2001;;11;24
The Gladiator Waltz;Hans Zimmer;The Gladiator, More Music - So;2001;;12;24
Figurines;Hans Zimmer;The Gladiator, More Music - So;2001;- REVOLUTiON -;13;24
The Mob;Hans Zimmer;The Gladiator, More Music - So;2001;;14;24
Busy Little Bee;Hans Zimmer;The Gladiator, More Music - So;2001;;15;24
Death Smiles At Us All;Hans Zimmer;The Gladiator, More Music - So;2001;;16;24
Not Yet;Hans Zimmer;The Gladiator, More Music - So;2001;;17;24
Now We Are Free (Maximus Mix);Hans Zimmer;The Gladiator, More Music - So;;;18;24
Main Title;Trevor Jones & Randy Edelman;The Last Of The Mohicans;1992;                            ;1;79
Elk Hunt;Trevor Jones & Randy Edelman;The Last Of The Mohicans;1992;                            ;2;79
The Kiss;Trevor Jones & Randy Edelman;The Last Of The Mohicans;1992;                            ;3;79
The Glade Part II;Trevor Jones & Randy Edelman;The Last Of The Mohicans;1992;                            ;4;79
Fort Battle;Trevor Jones & Randy Edelman;The Last Of The Mohicans;1992;                            ;5;79
Promentory;Trevor Jones & Randy Edelman;The Last Of The Mohicans;1992;                            ;6;79
Munro's Office-Stockade;Trevor Jones & Randy Edelman;The Last Of The Mohicans;1992;                            ;7;79
Massacre-Canoes;Trevor Jones & Randy Edelman;The Last Of The Mohicans;1992;                            ;8;79
Top Of The World;Trevor Jones & Randy Edelman;The Last Of The Mohicans;1992;                            ;9;79
The Courier;Trevor Jones & Randy Edelman;The Last Of The Mohicans;1992;                            ;10;79
Cora;Trevor Jones & Randy Edelman;The Last Of The Mohicans;1992;                            ;11;79
River Walk And Discovery;Trevor Jones & Randy Edelman;The Last Of The Mohicans;1992;                            ;12;79
Parlay;Trevor Jones & Randy Edelman;The Last Of The Mohicans;1992;                            ;13;79
British Arrival;Trevor Jones & Randy Edelman;The Last Of The Mohicans;1992;                            ;14;79
Pieces Of A Story;Trevor Jones & Randy Edelman;The Last Of The Mohicans;1992;                            ;15;79
I Will Find You;Trevor Jones & Randy Edelman;The Last Of The Mohicans;1992;                            ;16;79
Main Titles;James Newton Howard;Waterworld Soundtrack;;;1;24
Escaping Smokers;James Newton Howard;Waterworld Soundtrack;    ;1c volume low;2;24
The Atoll;James Newton Howard;Waterworld Soundtrack;0;;3;24
Prodigal Child;James Newton Howard;Waterworld Soundtrack;;;4;24
Smokers Sighted;James Newton Howard;Waterworld Soundtrack;1995;;5;24
Swimming;James Newton Howard;Waterworld Soundtrack;;;6;24
The Skyboat;James Newton Howard;Waterworld Soundtrack;1995;;7;24
National Geographics;James Newton Howard;Waterworld Soundtrack;;Created with Jukka Poikolain;8;24
Speargun;James Newton Howard;Waterworld Soundtrack;;;9;24
The Bubble;James Newton Howard;Waterworld Soundtrack;;;10;24
Helen Frees The Marin;James Newton Howard;Waterworld Soundtrack;;;11;24
Helen Sews;James Newton Howard;Waterworld Soundtrack;;;12;24
Slide For Life;James Newton Howard;Waterworld Soundtrack;;;13;24
Half An Hour;James Newton Howard;Waterworld Soundtrack;;Made with RealJukebox (tm);14;24
We're Gonna Die;James Newton Howard;Waterworld Soundtrack;;;15;24
Arriving At The Deez;James Newton Howard;Waterworld Soundtrack;;;16;24
Deacon's Speech;James Newton Howard;Waterworld Soundtrack;1995;;17;24
Haircuts;James Newton Howard;Waterworld Soundtrack;;;18;24
Gills;James Newton Howard;Waterworld Soundtrack;1995;;19;24
Why Aren't You Rowing;James Newton Howard;Waterworld Soundtrack;;;20;24
Balloon Flight;James Newton Howard;Waterworld Soundtrack;;;21;24
Dry Land;James Newton Howard;Waterworld Soundtrack;;;22;24
Mariner's Goodbye;James Newton Howard;Waterworld Soundtrack;2000;;23;24
Main Credits;James Newton Howard;Waterworld Soundtrack;;Created with Jukka Poikolain;24;24
;James Newton Howard;Waterworld Soundtrack;;;;24
Beautiful Day;U2;All That You Cant Leave Behind;2000;                            ;1;17
Elevation;U2;All That You Cant Leave Behind;2000;                            ;2;17
Walk On;U2;All That You Cant Leave Behind;2000;                            ;3;17
Stuck In A Moment;U2;All That You Cant Leave Behind;2000;                            ;4;17
Peace On Earth;U2;All That You Cant Leave Behind;2000;                            ;5;17
Kite;U2;All That You Cant Leave Behind;2000;                            ;6;17
New York;U2;All That You Cant Leave Behind;2000;                            ;7;17
In A Little While;U2;All That You Cant Leave Behind;2000;                            ;8;17
Wild Honey;U2;All That You Cant Leave Behind;2000;                            ;9;17
When I Look At The World      ;U2                            ;All That You Cant Leave Behind;2000;                              ;;17
Grace                         ;U2                            ;All That You Cant Leave Behind;2000;                              ;;17
01- U2 - Beautiful Day;U2;All That You Cant Leave Behind;;                              ;;17
Stuck In A Moment;U2;All That You Cant Leave Behind;2000;                              ;;17
Elevation;U2;All That You Cant Leave Behind;2000;                              ;;17
Walk On;U2;All That You Cant Leave Behind;2000;                              ;;17
Kite;U2;All That You Cant Leave Behind;2000;                              ;;17
In A Little While;U2;All That You Cant Leave Behind;2000;                              ;;17
Wild Honey;U2;All That You Cant Leave Behind;2000;                              ;;17
Peace On Earth;U2;All That You Cant Leave Behind;2000;                              ;;17
When I Look At The World;U2;All That You Cant Leave Behind;2000;                              ;;17
New York;U2;All That You Cant Leave Behind;2000;                              ;;17
Grace;U2;All That You Cant Leave Behind;2000;                              ;;17
Um Amor Infinito;Madredeus;Um Amor Infinito;2004;                            ;4;12
